Model,CPC,R2,MAE,RMSE
Attr-Uniform,0.6026934994234608,0.5346729360920567,57.259278226505174,146.78215802773815
Attr-Weighted,0.6764165422831816,0.62562146425291,44.963193406709124,124.02331649074549
RadPop,0.18223787459336258,-9.747907829541058,107.83269322511752,625.3884697118186
RadPOI,0.26814893714488836,-8.951114032998786,110.09686793415243,697.2236141768498
Power,0.44492184868738416,0.07186286158785854,78.3098202319492,226.67306831663598
Exp,0.49482439593185906,0.040631884250061034,70.49755404535937,195.80719632433767
