ModelType,beta,gamma,CPC
Power,1.0,0.5323459407874649,0.48459760445268835
Exponential,1.0,0.3698735048354547,0.5360146642198481
