Model,CPC,R2,MAE,RMSE
Attr-Uniform,0.6026934994234608,0.5346729360920567,57.259278226505174,146.78215802773815
Attr-Weighted,0.6764165422831816,0.62562146425291,44.963193406709124,124.02331649074549
RadPop,0.18223787459336258,-9.747907829541058,107.83269322511752,625.3884697118186
RadPOI,0.26814893714488836,-8.951114032998786,110.09686793415243,697.2236141768498
Power,0.30518120572598045,-0.21600410658868327,67.27982218665919,249.58942461931719
Exp,0.26284203022959124,-0.08896326575156237,69.53764424132854,258.2840619263317
