ModelType,gamma,CPC,R2
Power-Pop,0.5323475583758132,0.4846132424606623,0.28911341561888826
Exp-Pop,0.3698804591232941,0.5360360376225491,0.6031215303926429
Power-POI,0.5540387744731964,0.558255568141731,0.37140356449148704
Exp-POI,0.42816288181331763,0.6109912861056344,0.6563772932331402
