Model,CPC,R2
Uniform,0.5765822931540644,0.5314386453786776
Weighted,0.6455697398502915,0.620147773157652
RadPop,0.2570720100811366,-13.765869277316234
RadPOI,0.32104693751834995,-8.342545994141945
Power,0.5971364097664301,0.39100316030419724
Exp,0.5739600973279666,0.47761915457533827
