ModelType,K,alpha,beta,gamma,CPC
Power,24.132373683626724,0.16235441395609665,0.14462110012716922,1.2108320820804852,0.47308018341100494
Exponential,6.359989538543098,0.1571555800302288,0.1389737418964749,0.11456941311850699,0.4015430725865868
