ModelType,gamma,CPC,R2
Power-Pop,0.532348238916987,0.4846075771685748,0.2890843495647941
Exp-Pop,0.36987495419853084,0.5360305077159375,0.6031103583344548
Power-POI,0.6138069062180451,0.5146399812337136,0.5081141500842494
Exp-POI,0.48495721102953027,0.5354207457511411,0.5278895995372322
