Ratio,CPC
0.1,0.7283548865486826
0.1111111111111111,0.7289644844026288
0.125,0.7286074278696867
0.14285714285714285,0.729611605976488
0.16666666666666666,0.7297709515431821
0.2,0.7297002968504896
0.25,0.7292875626779177
0.3333333333333333,0.7300568142371617
0.5,0.7307732112668752
