ModelType,gamma,CPC,R2
Power-Pop,0.7138825666297087,0.5310917619729233,0.4614782560459656
Exp-Pop,0.6960518439979738,0.6058112866987585,0.6289179904619677
Power-POI,0.6815298361296375,0.5787110054708432,0.31667399661905704
Exp-POI,0.7201089590228886,0.667364261373541,0.6975358136987609
