ModelType,gamma,CPC,R2
Power-Pop,0.7138825666297087,0.5310917619729233,0.4614782560459656
Exp-Pop,0.6960518439979738,0.6058112866987585,0.6289179904619677
Power-POI,0.6778854047678152,0.5853390094233036,0.3146428455586058
Exp-POI,0.7222089278551483,0.671358669716989,0.71382099773077
