Model,CPC,R2,MAE,RMSE
Uniform,0.7205166825299165,0.7374923306306049,1387.0313803799372,5328.67506131206
Weighted,0.7623199943519974,0.7717201785826076,1154.295572601224,4447.6678796633205
RadPop,0.30726327679858056,-5.01980139978033,3302.957855257676,24832.796823017354
RadPOI,0.3672902440585565,-5.2899106204515745,3159.816835070127,23368.842394909283
Power,0.4767690101806882,-0.005291073616797485,1944.1380563185164,10240.528618170334
Exp,0.3496979551762512,0.04051823822353031,2162.0035548585324,11032.55965023768
