Training_Ratio,CPC
0.01,0.5357124510642545
0.02,0.5377372438732008
0.03,0.5358324651380111
0.04,0.5350912042610738
0.05,0.5378222065767111
0.1,0.5409021567454734
0.2,0.5393032858994251
0.3,0.5406326184394159
0.4,0.5381217145599106
0.5,0.5401892481336363
1.0,0.539967830304882
