ModelType,K,alpha,beta,gamma,CPC
Power,499.0334864245219,0.21636782042918734,0.21780818083660858,1.8179053727075967,0.5916009141720749
Exponential,32.61128444456097,0.25164355712958036,0.2530358717477791,0.18372256411589757,0.4319228122810165
