ModelType,beta,gamma,CPC
Power,1.0,0.7138825666297087,0.5310917619729233
Exponential,1.0,0.6960518439979738,0.6058112866987585
