N_clusters,Ratio,CPC,STD
210,0.498812351543943,0.6122580331228746,0.0011215085434040377
140,0.332541567695962,0.6106217104142075,0.001368323126202014
105,0.2494061757719715,0.6071176842721965,0.0025359129095151507
84,0.1995249406175772,0.6062435888169173,0.0014333779168715112
70,0.166270783847981,0.6061948834132798,0.0022116976214585312
60,0.14251781472684086,0.6043990408163645,0.0025885960157959595
52,0.12351543942992874,0.604242895733162,0.0035711222525056058
46,0.10926365795724466,0.6029366756165663,0.0031326584695782226
42,0.0997624703087886,0.6043456492643148,0.0030277390903499716
