Model,CPC,R2
Uniform,0.7204689666487901,0.7815934419518492
Weighted,0.7650041207435326,0.8123699354375395
RadPop,0.4112105972457633,-5.273623502779105
RadPOI,0.4583482315555636,-3.4153960066374847
Power,0.7435076212834053,0.7713317570041645
Exp,0.6720951805541103,0.7055617968281177
