Model,CPC,R2,MAE,RMSE
Uniform,0.7205166825299165,0.7374923306306049,1387.0313803799372,5328.67506131206
Weighted,0.7623199943519974,0.7717201785826076,1154.295572601224,4447.6678796633205
RadPop,0.30726327679858056,-5.01980139978033,3302.957855257676,24832.796823017354
RadPOI,0.3672902440585565,-5.2899106204515745,3159.816835070127,23368.842394909283
Power,0.5025777323482495,0.0010503791171325059,2376.054439171252,9236.54797460091
Exp,0.6043397095949753,0.5308380751596415,1997.4352467156575,6992.960127090785
